Group hierarchy,Region,Description,Service,Upfront,Monthly,First 12 months total,Currency,Configuration summary
My Estimate,US East (N. Virginia),,Elastic Load Balancing,0,71.78,861.36,USD,Number of Application Load Balancers (2)
My Estimate,US East (N. Virginia),,Amazon RDS for MySQL,0,5410.4,64924.80,USD,"Quantity (2), Pricing strategy (On-Demand Instances), Storage for each RDS instance (General Purpose SSD (gp2)), Storage amount (2000 GB), Additional backup storage (10000 GB)"
My Estimate,US East (N. Virginia),,Amazon EC2,0,3963.84,47566.08,USD,"Operating system (Linux), Quantity (12), Pricing strategy (On-Demand Instances 1 Year No Upfront), Storage for each EC2 instance (General Purpose SSD (gp2)), Storage amount (500 GB), Instance type (m5.2xlarge)"
My Estimate,US East (N. Virginia),,S3 Standard,0,252.7,3032.40,USD,S3 Standard storage (5000 GB per month)
My Estimate,US East (N. Virginia),,Data Transfer,0,0,0.00,USD,



"AWS Pricing Calculator provides only an estimate of your AWS fees and doesn't include any taxes that might apply. Your actual fees depend on a variety of factors, including your actual usage of AWS services."
